trial,run,started_at,stage,decision,status,score,reported_score,record_high,commit,diff_sha256
1,20260926T075726Z-baseline,20260926T075726Z,baseline,baseline,passed,5104,5104,True,c53d50012c2afef51fba15b699984358cf41f875,e3b0c44298fc1c149afbf4c8996fb92427ae41e4649b934ca495991b7852b855
2,20260926T075854Z-baseline,20260926T075854Z,baseline,baseline,passed,1951,1951,False,c53d50012c2afef51fba15b699984358cf41f875,e3b0c44298fc1c149afbf4c8996fb92427ae41e4649b934ca495991b7852b855
3,20260926T080027Z-baseline,20260926T080027Z,baseline,baseline,passed,3549,3549,False,c53d50012c2afef51fba15b699984358cf41f875,e3b0c44298fc1c149afbf4c8996fb92427ae41e4649b934ca495991b7852b855
4,20260926T081318Z-flush-log-2,20260926T081318Z,flush-log-2,rejected,passed,3688,3688,False,8fa033ced297c42d5d40999dd6f5257b0b62eb1e,e3b0c44298fc1c149afbf4c8996fb92427ae41e4649b934ca495991b7852b855
5,20260926T081447Z-flush-log-2,20260926T081447Z,flush-log-2,rejected,passed,4348,4348,False,8fa033ced297c42d5d40999dd6f5257b0b62eb1e,e3b0c44298fc1c149afbf4c8996fb92427ae41e4649b934ca495991b7852b855
6,20260926T081615Z-flush-log-2,20260926T081615Z,flush-log-2,rejected,failed,,,False,8fa033ced297c42d5d40999dd6f5257b0b62eb1e,e3b0c44298fc1c149afbf4c8996fb92427ae41e4649b934ca495991b7852b855
7,20260926T081920Z-flush-log-2,20260926T081920Z,flush-log-2,rejected,passed,3617,3617,False,105e44a2a2c5bd0afcd7613fad36d4b13464cbe7,e3b0c44298fc1c149afbf4c8996fb92427ae41e4649b934ca495991b7852b855
8,20260926T082357Z-baseline,20260926T082357Z,baseline-repeat,baseline,passed,3222,3222,False,a62f47e66f62a12fe6deded9248d84005c242ed8,e3b0c44298fc1c149afbf4c8996fb92427ae41e4649b934ca495991b7852b855
9,20260926T082524Z-baseline,20260926T082524Z,baseline-repeat,baseline,failed,,,False,a62f47e66f62a12fe6deded9248d84005c242ed8,e3b0c44298fc1c149afbf4c8996fb92427ae41e4649b934ca495991b7852b855
10,20260926T082610Z-baseline,20260926T082610Z,baseline-repeat,baseline,failed,,,False,a62f47e66f62a12fe6deded9248d84005c242ed8,e3b0c44298fc1c149afbf4c8996fb92427ae41e4649b934ca495991b7852b855
11,20260926T085056Z-rebuilt-baseline,20260926T085056Z,rebuilt-baseline,baseline,passed,4754,4754,False,465299f127006659b917ccef3d6a54779f038584,e3b0c44298fc1c149afbf4c8996fb92427ae41e4649b934ca495991b7852b855
12,20260926T085224Z-rebuilt-baseline,20260926T085224Z,rebuilt-baseline,baseline,passed,4612,4612,False,465299f127006659b917ccef3d6a54779f038584,e3b0c44298fc1c149afbf4c8996fb92427ae41e4649b934ca495991b7852b855
13,20260926T085351Z-rebuilt-baseline,20260926T085351Z,rebuilt-baseline,baseline,passed,4977,4977,False,465299f127006659b917ccef3d6a54779f038584,e3b0c44298fc1c149afbf4c8996fb92427ae41e4649b934ca495991b7852b855
14,20260926T085713Z-idle-pool-64,20260926T085713Z,idle-pool-64,accepted,passed,5568,5568,True,074b7425cfb206981690565f37f99c73d5c9dad7,6bbe73a1c8c661987fdae0144a5db628166ee3169b96eefae6a7a49b039869a4
15,20260926T085840Z-idle-pool-64,20260926T085840Z,idle-pool-64,accepted,passed,5267,5267,False,074b7425cfb206981690565f37f99c73d5c9dad7,6bbe73a1c8c661987fdae0144a5db628166ee3169b96eefae6a7a49b039869a4
16,20260926T090007Z-idle-pool-64,20260926T090007Z,idle-pool-64,accepted,passed,5093,5093,False,074b7425cfb206981690565f37f99c73d5c9dad7,6bbe73a1c8c661987fdae0144a5db628166ee3169b96eefae6a7a49b039869a4
17,20260926T090309Z-ride-status-index,20260926T090309Z,ride-status-index,accepted,passed,7271,7271,True,c65eeb60c057d61aaddf0d7311d60e85bf02cea8,b815274f879ff2d46581e8bd7599ce9b8d33f5095245d17a981f44c037c71f69
18,20260926T090437Z-ride-status-index,20260926T090437Z,ride-status-index,accepted,passed,7110,7110,False,c65eeb60c057d61aaddf0d7311d60e85bf02cea8,b815274f879ff2d46581e8bd7599ce9b8d33f5095245d17a981f44c037c71f69
19,20260926T090604Z-ride-status-index,20260926T090604Z,ride-status-index,accepted,passed,7508,7508,True,c65eeb60c057d61aaddf0d7311d60e85bf02cea8,b815274f879ff2d46581e8bd7599ce9b8d33f5095245d17a981f44c037c71f69
20,20260926T090850Z-restart-check,20260926T090850Z,restart-check,verification,passed,7766,7766,True,cd903923192892cfee00aff7a6e3405fd761f95d,e3b0c44298fc1c149afbf4c8996fb92427ae41e4649b934ca495991b7852b855
21,20260926T092312Z-read-only-rollback,20260926T092312Z,read-only-rollback,rejected,passed,7677,7677,False,21aaf68361a6f7d7dcddf4883c5ea964deb79bc4,32920e02f4e6765116cb131c1cb4c02078993eab68159c1375bddce6c0b84517
22,20260926T092439Z-read-only-rollback,20260926T092439Z,read-only-rollback,rejected,passed,7104,7104,False,21aaf68361a6f7d7dcddf4883c5ea964deb79bc4,32920e02f4e6765116cb131c1cb4c02078993eab68159c1375bddce6c0b84517
23,20260926T092607Z-read-only-rollback,20260926T092607Z,read-only-rollback,rejected,passed,6873,6873,False,21aaf68361a6f7d7dcddf4883c5ea964deb79bc4,32920e02f4e6765116cb131c1cb4c02078993eab68159c1375bddce6c0b84517
24,20260926T092919Z-rides-chair-index,20260926T092919Z,rides-chair-index,rejected,passed,8083,8083,True,adf10c057c7f52786be59fa463729834afc2aca7,64cea0c197cd965f28ac8cba2a525739ba29ba72ddc86cc6980c9df9263907ec
25,20260926T093046Z-rides-chair-index,20260926T093046Z,rides-chair-index,rejected,passed,7255,7255,False,adf10c057c7f52786be59fa463729834afc2aca7,64cea0c197cd965f28ac8cba2a525739ba29ba72ddc86cc6980c9df9263907ec
26,20260926T093214Z-rides-chair-index,20260926T093214Z,rides-chair-index,rejected,passed,7581,7581,False,adf10c057c7f52786be59fa463729834afc2aca7,64cea0c197cd965f28ac8cba2a525739ba29ba72ddc86cc6980c9df9263907ec
27,20260926T093441Z-pre-rides-chair-repeat,20260926T093441Z,pre-rides-chair-repeat,baseline,passed,7480,7480,False,d9f7b3c32117a3fa1ef2b948b0261c631317df9b,e3b0c44298fc1c149afbf4c8996fb92427ae41e4649b934ca495991b7852b855
28,20260926T093608Z-pre-rides-chair-repeat,20260926T093608Z,pre-rides-chair-repeat,baseline,passed,6573,6573,False,d9f7b3c32117a3fa1ef2b948b0261c631317df9b,e3b0c44298fc1c149afbf4c8996fb92427ae41e4649b934ca495991b7852b855
29,20260926T093736Z-pre-rides-chair-repeat,20260926T093736Z,pre-rides-chair-repeat,baseline,passed,7369,7369,False,d9f7b3c32117a3fa1ef2b948b0261c631317df9b,e3b0c44298fc1c149afbf4c8996fb92427ae41e4649b934ca495991b7852b855
30,20260926T093938Z-rides-chair-repeat,20260926T093938Z,rides-chair-repeat,rejected,passed,7408,7408,False,5e05cad4645fd061411a779d6faab38e7e2c75f2,e3b0c44298fc1c149afbf4c8996fb92427ae41e4649b934ca495991b7852b855
31,20260926T094106Z-rides-chair-repeat,20260926T094106Z,rides-chair-repeat,rejected,passed,7560,7560,False,5e05cad4645fd061411a779d6faab38e7e2c75f2,e3b0c44298fc1c149afbf4c8996fb92427ae41e4649b934ca495991b7852b855
32,20260926T094233Z-rides-chair-repeat,20260926T094233Z,rides-chair-repeat,rejected,passed,7028,7028,False,5e05cad4645fd061411a779d6faab38e7e2c75f2,e3b0c44298fc1c149afbf4c8996fb92427ae41e4649b934ca495991b7852b855
33,20260926T094553Z-diagnostics,20260926T094553Z,diagnostics,diagnostic,passed,4854,4854,False,49658c8daf5f70bd0bbb13c93a993b1c1714cbde,a9ed1bd9dc27d1d9b8eeae537844fc96db0d8734aff10db5fe06ce5bbb52ae01
34,20260926T095027Z-owner-distance-filter,20260926T095027Z,owner-distance-filter,accepted,passed,7969,7969,False,c976de23e9de7622ac8a35047a88b9f347ce5be0,022ceaacebf2d549b665d6848123e699b7f39f7dd5800ad76b698a96a0f0f6cb
35,20260926T095154Z-owner-distance-filter,20260926T095154Z,owner-distance-filter,accepted,passed,6821,6821,False,c976de23e9de7622ac8a35047a88b9f347ce5be0,022ceaacebf2d549b665d6848123e699b7f39f7dd5800ad76b698a96a0f0f6cb
36,20260926T095324Z-owner-distance-filter,20260926T095324Z,owner-distance-filter,accepted,passed,3305,3305,False,c976de23e9de7622ac8a35047a88b9f347ce5be0,022ceaacebf2d549b665d6848123e699b7f39f7dd5800ad76b698a96a0f0f6cb
37,20260926T095538Z-pre-owner-filter-repeat,20260926T095538Z,pre-owner-filter-repeat,baseline,passed,4538,4538,False,4c20816bf458fe6df818c47cdac29e18a0ad8a60,e3b0c44298fc1c149afbf4c8996fb92427ae41e4649b934ca495991b7852b855
38,20260926T095710Z-pre-owner-filter-repeat,20260926T095710Z,pre-owner-filter-repeat,baseline,passed,6246,6246,False,4c20816bf458fe6df818c47cdac29e18a0ad8a60,e3b0c44298fc1c149afbf4c8996fb92427ae41e4649b934ca495991b7852b855
39,20260926T095838Z-pre-owner-filter-repeat,20260926T095838Z,pre-owner-filter-repeat,baseline,passed,6783,6783,False,4c20816bf458fe6df818c47cdac29e18a0ad8a60,e3b0c44298fc1c149afbf4c8996fb92427ae41e4649b934ca495991b7852b855
40,20260926T100045Z-owner-filter-repeat,20260926T100045Z,owner-filter-repeat,accepted,passed,7933,7933,False,6ce114b53f004dd62dfb6f4bd49a44d96ebb1aee,e3b0c44298fc1c149afbf4c8996fb92427ae41e4649b934ca495991b7852b855
41,20260926T100213Z-owner-filter-repeat,20260926T100213Z,owner-filter-repeat,accepted,passed,8013,8013,False,6ce114b53f004dd62dfb6f4bd49a44d96ebb1aee,e3b0c44298fc1c149afbf4c8996fb92427ae41e4649b934ca495991b7852b855
42,20260926T100340Z-owner-filter-repeat,20260926T100340Z,owner-filter-repeat,accepted,passed,7891,7891,False,6ce114b53f004dd62dfb6f4bd49a44d96ebb1aee,e3b0c44298fc1c149afbf4c8996fb92427ae41e4649b934ca495991b7852b855
43,20260926T100640Z-profiled-baseline,20260926T100640Z,profiled-baseline,baseline,passed,8123,8123,True,7651687eecbe78617fb1d6c0dba4ea8c21a27d07,e3b0c44298fc1c149afbf4c8996fb92427ae41e4649b934ca495991b7852b855
44,20260926T100901Z-interpolate-params,20260926T100901Z,interpolate-params,rejected,passed,8061,8061,False,9dd513c130511ad5b42b8ac675ce21f5d4ee3a54,f5b62dd99814e383dfa2ba290b6af14e5d8a71389f9b356c42b9243adfec5634
45,20260926T101106Z-chair-location-index,20260926T101106Z,chair-location-index,accepted,passed,8508,8508,True,ca0e76befa28a8ba9e02bb59f733cb966cee6a2a,0d0ea7916d39dbedfba8f64fb3b93ad8c4d9ef8e0727004e318b45dfedbae8ae
46,20260926T101428Z-nearby-batch-query,20260926T101428Z,nearby-batch-query,unknown,passed,8234,8234,False,e4922f9cd9bf9ccd8398feea3680c608efac8c7f,2497aef68ed02f982fb4a3a06883566f6625a6dee312a7929eb04c6baa0f2aaf
47,20260926T102007Z-auth-session-cache,20260926T102007Z,auth-session-cache,candidate,failed,,7644,False,10cd6e034928def9fe0f70abbf7f3f454ceb82a1,0022367de06480f2ebf5dab72bd1abf42928d56bec8d1326177e4619dfc1d7cd
48,20260926T102349Z-direct-matching,20260926T102349Z,direct-matching,accepted,passed,8751,8751,True,53316a3546134d437e21f2b905481da456ca3985,a3a49f73fc22ef4bdea049f0c139987ecc4b92104242d491d414cd612cf8d923
49,20260926T102725Z-notification-autocommit,20260926T102725Z,notification-autocommit,rejected,failed,,8021,False,4872ab9aa9f12f64ea28fba911ac18c87229ac36,9804b5da5465e22607bb50d9a62585dd1e2ea23c9397f17ea06ff2c43b454327
50,20260926T102957Z-rides-user-index,20260926T102957Z,rides-user-index,accepted,passed,9127,9127,True,400696666eb723188e702618bd0869faf11e9b98,7d184d7f6fbc13876b58769cb111f1f8d051ed70e05e2df151ea0112ce7078f6
51,20260926T103322Z-chair-stats-aggregate,20260926T103322Z,chair-stats-aggregate,rejected,failed,,9046,False,de08c95741c56ee844da4af9b7ca19b551d56c79,75fb1317b192cd9dded7cbdffaa38ae53cedd613163b78526e8411665cea417b
52,20260926T103619Z-matching-batch,20260926T103619Z,matching-batch,rejected,failed,,19542,False,a094374915ff6aad0f6e31be7b94db78c445083d,c0c9d2db9fa9b7268014c5e035a911a0068e8ac72ca493d67b4e73eaa5f33b0e
53,20260926T103827Z-matching-batch-pool-cap,20260926T103827Z,matching-batch-pool-cap,accepted,passed,27661,27661,True,6d324168ae1674d7965dbca713e69d1b9925f3ee,716eca65496744911d31a51a07d1c9bfb97ddfbf4654048e8cf57bd598d927d5
54,20260926T104056Z-chair-stats-highload,20260926T104056Z,chair-stats-highload,rejected,passed,24584,24584,False,d66bf4648aa3f9bcade06315917b2b7c4e8dd5d6,4235e924688941c442c86eec56cde653ccfa90c7d0a60eb45ce976b31b6d74ad
55,20260926T104314Z-nearby-highload,20260926T104314Z,nearby-highload,accepted,passed,29118,29118,True,43ba84433ddcc14762f6fe76540df908a473cb73,ec8405df26393fb456075ecae816e631551a14935ccb7ff0f808e02fd284fcba
56,20260926T144705Z-coordinate-no-reread,20260926T144705Z,coordinate-no-reread,accepted,passed,31948,31948,True,f877eb2915745fcb71fac6e46c3519b2992de07a,83f587ff3f65a87d5d90202d05a6f112d51bdb8f4251460f55409bba9c1f7229
57,20260926T144956Z-nearest-chair,20260926T144956Z,nearest-chair,rejected,passed,29334,29334,False,70e879fee21af6e66ee98ab546b21dfbb54fbdf7,a8f0b116e675bba7b79516468e6b0fcc2342324e35e58eba3e0fd92ee96965ec
58,20260926T145331Z-nearest-batch-prefetch,20260926T145331Z,nearest-batch-prefetch,accepted,passed,43669,43669,True,2a7b7b2c6abd800cb4fdc18c8c0d3c1bb4fe52ce,a1f6f11d76dedde8fb9497ea1438ef76b629dcc66d56676befe71b94a2936154
59,20260926T145712Z-latest-location-table,20260926T145712Z,latest-location-table,accepted,passed,43994,43994,True,eddd6b97763f49d14e10a50bb8f969a328c467a4,5f0259329887217b9e58f019b47d4cabed4a22936217c7fc57da8bdcd957226f
60,20260926T145953Z-matching-batch-update,20260926T145953Z,matching-batch-update,accepted,passed,50215,50215,True,95208a81131f8afe6d4ae4933bd58b6bd3730b58,fd8673dadd543fde5bfc68854c184dfa84748941bfae8229924c5321bcae9f39
61,20260926T150250Z-speed-aware-matching,20260926T150250Z,speed-aware-matching,rejected,passed,49980,49980,False,00e1a2095524dba54e77c0e1040f87597ff0cf18,c984dfdc45e9fe9e2a679d2ec4ce906b31afecb4b86c7dbe4d11c0b4f4e09885
62,20260926T150500Z-highload-diagnostics,20260926T150500Z,highload-diagnostics,diagnostic,passed,43995,43995,False,790070f2a5cd2da2de81f1c962a36b96184495f3,e3b0c44298fc1c149afbf4c8996fb92427ae41e4649b934ca495991b7852b855
63,20260926T150821Z-interpolate-highload,20260926T150821Z,interpolate-highload,rejected,passed,49702,49702,False,fec2984eaa286fd298b2eb8c7f24aee7fde23d7f,12b5810ae1e588de709f9755a1f0058a46ea422d7fe44e1b2c1ebb791ac5b583
64,20260926T151058Z-nearby-sql-distance,20260926T151058Z,nearby-sql-distance,rejected,passed,42259,42259,False,f247145ff72ae780aa451e89291141bf14982505,2e65d302ad939f5caa33588609324f28930d464061982da0635a95a164517306
65,20260926T151422Z-app-notification-100ms,20260926T151422Z,app-notification-100ms,rejected,passed,49236,49236,False,d0fb5a230ae8cade1822b475cc4508ee7dcd6f91,7d5faeec78bfd32b5323ca8045d586b4a6aa98d2a7e6cfd63317fbf8cae5aefe
66,20260926T151731Z-matcher-100ms,20260926T151731Z,matcher-100ms,rejected,passed,43878,43878,False,ca68f2d63309ce928a76f6111bc0af540e718d4a,e3b0c44298fc1c149afbf4c8996fb92427ae41e4649b934ca495991b7852b855
67,20260926T152114Z-materialized-chair-stats,20260926T152114Z,materialized-chair-stats,accepted,passed,57204,57204,True,5da7828baed9ce27c95eabe80be9b73cce793e55,03645f168740454ccf80bbe88ad9b665a949eb433e297df6c4366460b8c71727
68,20260926T152416Z-chair-user-cache,20260926T152416Z,chair-user-cache,rejected,passed,54930,54930,False,299a03e809aa727a4a037332c1f04ab5e13879c7,c9fcde1292aba75a8cdc3b2cbf095072512d0f70cc14777525be62b17db609e9
69,20260926T152729Z-mysql-unix-socket,20260926T152729Z,mysql-unix-socket,accepted,passed,57798,57798,True,e1a468e35978ffd7e9dce47e4a7abf28dbe223a0,9aaf096bf4362939a5eb602237444a6948fb6c335be81110dad72ee576333d76
70,20260926T153029Z-read-only-rollback-highload,20260926T153029Z,read-only-rollback-highload,accepted,passed,61682,61682,True,baa33c05e00126848c11e3b30aaec1cc7d36e6ea,6260d7fba3ac53f2b3f5962944f9c3125136a2b6c516f83e2a440e5560951789
71,20260926T153246Z-db-pool-32,20260926T153246Z,db-pool-32,rejected,passed,50752,50752,False,d8822ec321d7479c4f16e30b920ab5108c104376,4542e41fdf28e2128c555d5596c73302ec8ac2a93a3332728e01922dfc9fe843
72,20260926T153505Z-db-pool-96,20260926T153505Z,db-pool-96,rejected,passed,53937,53937,False,3a1fc5b30e016e2888c430cf39a13af371b883fd,99ea3c488358730908d58096b08cbd3d5c5b131e1ad4b1bf31ccc7c8189d7068
73,20260926T153804Z-chair-notification-join,20260926T153804Z,chair-notification-join,rejected,passed,57298,57298,False,cc751f61949dc3df5e203fb76a4a7cc72d9d35b8,ecf426bb4b8e69685c97d6111d12a74fbe4b22cf7409cb5c18abc09074635061
74,20260926T154058Z-coupon-used-by-index,20260926T154058Z,coupon-used-by-index,accepted,passed,62002,62002,True,0b9eff8a5dc4ec6e77fb4a6d86a31254db61f50a,2ddbd03d3c0998b105031d6600ee2fd4bd850654dc5c98ce675b15c965429088
75,20260926T154522Z-nearby-completed-index,20260926T154522Z,nearby-completed-index,accepted,passed,63985,63985,True,3bb0a7ca8b95bd8b934103765a0330a2f1797470,fef47c0a0f4190b0aa880dc6dfb30fc29689ed569a126450eefd581a330fc40c
76,20260926T154803Z-no-go-request-log,20260926T154803Z,no-go-request-log,accepted,passed,66040,66040,True,da6676aff494451587ce927974212dfa8dc107ea,aae69b0a9be514c4b00fbd265e95bef24d8af7e86638f27a9da7ebe964e0c0d7
77,20260926T155046Z-ride-fare-cache,20260926T155046Z,ride-fare-cache,accepted,passed,67944,67944,True,d6658b83997be300a8ae279b84f1d05304966063,be2ff542500948199e48ea7f638ba29a590fd1d1b1c8d4d80e7ac7b9d2ca0976
78,20260926T155256Z-rides-chair-updated-index,20260926T155256Z,rides-chair-updated-index,rejected,passed,67049,67049,False,dc743d11ef43681eca1665a9ac87aefdd0957dfa,76be881a2efafe593737f5a1d6aa34f0bf7f34d0a43263771a8f6b513065903d
79,20260926T155516Z-notification-chair-cache,20260926T155516Z,notification-chair-cache,rejected,passed,67516,67516,False,4ad959e37de73822c7d8636ea53456ee34d45c3a,f4c3e3895cf6a436964ff50461683a79f07d52c378bf06f88469a841dfbbff36
80,20260926T155749Z-coordinate-ride-status-query,20260926T155749Z,coordinate-ride-status-query,rejected,passed,66659,66659,False,5f76f178520384c7459a5df1a9b2634f51e65835,3ccee607bceb3ef6767b5ada719837950b560c2f6f28a4c8b915cb75a92c9ea1
81,20260926T160040Z-idle-poll-50ms,20260926T160040Z,idle-poll-50ms,rejected,passed,65408,65408,False,60d9801dfcaba5d8dab6d38f0aeb5573074c1c23,42c92a43cd802cc39293e2bd960f9d95a9c84684a2ff867b607cdba5ad97e597
82,20260926T160353Z-final-restart-check,20260926T160353Z,final-restart-check,verification,failed,,6973,False,1bbb33d5a6e526e98be14b701bc801efb7b29bea,e3b0c44298fc1c149afbf4c8996fb92427ae41e4649b934ca495991b7852b855
83,20260926T160455Z-final-restart-stable,20260926T160455Z,final-restart-stable,verification,passed,63672,63672,False,1bbb33d5a6e526e98be14b701bc801efb7b29bea,e3b0c44298fc1c149afbf4c8996fb92427ae41e4649b934ca495991b7852b855
84,20260926T161302Z-mysql-no-binlog,20260926T161302Z,mysql-no-binlog,rejected,passed,64117,64117,False,511d55ecf00bb87e29eb80dd2d3152630f52bf30,e3b0c44298fc1c149afbf4c8996fb92427ae41e4649b934ca495991b7852b855
85,20260926T161812Z-final-restored,20260926T161812Z,final-restored,verification,passed,70028,70028,True,aec358c9592e9b5c35ef23950921ed5811d126de,e3b0c44298fc1c149afbf4c8996fb92427ae41e4649b934ca495991b7852b855
86,20260926T162137Z-trip-time-matching,20260926T162137Z,trip-time-matching,rejected,passed,70317,70317,True,e185264d884b7cdc09751ab78b3f90b0aa87e563,8ee5486629adc3a1820656e4d6b48fddc78cd959964976172e58a83644a0c8bf
87,20260926T162432Z-nginx-log-buffer,20260926T162432Z,nginx-log-buffer,rejected,passed,63639,63639,False,f595592762497f9a4dcc23e5d38650c137f1ac0a,e3b0c44298fc1c149afbf4c8996fb92427ae41e4649b934ca495991b7852b855
88,20260926T162633Z-final-adopted-check,20260926T162633Z,final-adopted-check,verification,passed,69744,69744,False,dec8866b84592d892a3caa676b313fa8615ed1a3,e3b0c44298fc1c149afbf4c8996fb92427ae41e4649b934ca495991b7852b855
89,20260927T040859Z-manual-score-review,20260927T040859Z,manual-score-review,verification,passed,60003,60003,False,80b05a2748447b9017b0de340fb6f66fa2a7e02d,e3b0c44298fc1c149afbf4c8996fb92427ae41e4649b934ca495991b7852b855
90,20260927T041217Z-notification-read-autocommit,20260927T041217Z,notification-read-autocommit,rejected,failed,,55465,False,9c2f8c2e0ba1afce2a88a3822d401324cfacc8bd,feeb8ec03f23ef5f0004dee469485da59432883a38544605c8b86ebf3c9bf918
91,20260927T041427Z-chair-notification-autocommit,20260927T041427Z,chair-notification-autocommit,rejected,passed,65656,65656,False,3a852adcaf05755c599853db64e02a53d32031d9,b9501a0eae40fedcb3d38adb67de9e5279234a22b503a239a40135caed9005db
92,20260927T041843Z-coordinate-batch-10ms,20260927T041843Z,coordinate-batch-10ms,rejected,passed,50101,50101,False,659076c8ef2b6de43fcfb7030363617928e4c191,e31eb90e0bf6230e872baf8c7c158204b2e0adcab4f2bf815123fc412efbd52e
93,20260927T042138Z-coordinate-async-50ms,20260927T042138Z,coordinate-async-50ms,rejected,passed,60644,60644,False,46841135951c5e0fcb7691166b0c6ad24b513a1c,91b0de3da5227e82e991ac52f49b3d1f25525e876f1cf81cb68208bcfeb6859a
94,20260927T042356Z-manual-review-restored,20260927T042356Z,manual-review-restored,verification,passed,61160,61160,False,dfc4aa467f19c192f16d05f8489a9ea2c456e072,e3b0c44298fc1c149afbf4c8996fb92427ae41e4649b934ca495991b7852b855
95,20260927T084444Z-materialized-distance,20260927T084444Z,materialized-distance,accepted,passed,72012,72012,True,dd49d74dff4a37bc984111acffb090d7769f9642,571fe5de2eed6c4f30cd20053802b8adeffa9d5a8fe0668c39b8e1aacad0d18c
96,20260927T084638Z-materialized-distance-repeat,20260927T084638Z,materialized-distance-repeat,accepted,passed,66734,66734,False,dd49d74dff4a37bc984111acffb090d7769f9642,571fe5de2eed6c4f30cd20053802b8adeffa9d5a8fe0668c39b8e1aacad0d18c
97,20260927T085042Z-regional-matching,20260927T085042Z,regional-matching,accepted,passed,82598,82598,True,5ecdc9cac65dc2199a2714bb0f15532b916e7e04,c8d618a4b960863aec71ab3f61addab71609c7d14a237a7963059aff833bb478
98,20260927T085229Z-regional-matching-repeat,20260927T085229Z,regional-matching-repeat,accepted,passed,81113,81113,False,5ecdc9cac65dc2199a2714bb0f15532b916e7e04,c8d618a4b960863aec71ab3f61addab71609c7d14a237a7963059aff833bb478
99,20260927T085703Z-chair-notification-cache,20260927T085703Z,chair-notification-cache,accepted,passed,86803,86803,True,ea4159169e32e3fbca76338485bff3df9f2762d8,c5e44b003806052b7cc7ed85632a43c9a75e91c651a96f7bec8142521bddf440
100,20260927T085851Z-chair-notification-cache-repeat,20260927T085851Z,chair-notification-cache-repeat,accepted,passed,86454,86454,False,ea4159169e32e3fbca76338485bff3df9f2762d8,c5e44b003806052b7cc7ed85632a43c9a75e91c651a96f7bec8142521bddf440
101,20260927T090220Z-app-notification-cache,20260927T090220Z,app-notification-cache,rejected,passed,87854,87854,True,38181084553ab75828ceafebe393adb0df8c6ff8,e4fc27deb55f5b854d4896b506a53f302510c4d253de6c1aa5a1a5263ebb247e
102,20260927T090506Z-article-followup-restored,20260927T090506Z,article-followup-restored,verification,passed,89355,89355,True,693977a445fddade71a93d4ad07095648250ec9c,c5e44b003806052b7cc7ed85632a43c9a75e91c651a96f7bec8142521bddf440
103,20261007T140248Z-sse-baseline,20261007T140248Z,sse-baseline,baseline,passed,64883,64883,False,8305326ba8f4cc148f0029f2cc40e45a65160e4b,e3b0c44298fc1c149afbf4c8996fb92427ae41e4649b934ca495991b7852b855
104,20261007T140544Z-notification-sse,20261007T140544Z,notification-sse,rejected,failed,,84613,False,59c3f56f2db88c13e05125cf2616a7524c345742,486f1a8026de01d265709b5727ec308a0791f816db5d2cf53c842779e1d77aa9
105,20261007T140839Z-notification-sse-capacity,20261007T140839Z,notification-sse-capacity,accepted,passed,115416,115416,True,08c7a229b977e648b9490e4b4276c67936fe5900,486f1a8026de01d265709b5727ec308a0791f816db5d2cf53c842779e1d77aa9
106,20261007T141157Z-nearby-open-rides,20261007T141157Z,nearby-open-rides,rejected,passed,109427,109427,False,6880897fb18c222d3f923a81a4dbe8c9123373d3,8a53268d196bbf8940d0512f958b2c1017878b124948c993c87b1c38d3138955
107,20261007T141441Z-sse-baseline-capacity-check,20261007T141441Z,sse-baseline-deployment-failed,rejected,failed,,,False,8305326ba8f4cc148f0029f2cc40e45a65160e4b,e3b0c44298fc1c149afbf4c8996fb92427ae41e4649b934ca495991b7852b855
108,20261007T141618Z-sse-baseline-capacity-check,20261007T141618Z,sse-baseline-capacity-check,verification,passed,55755,55755,False,8305326ba8f4cc148f0029f2cc40e45a65160e4b,e3b0c44298fc1c149afbf4c8996fb92427ae41e4649b934ca495991b7852b855
109,20261007T141934Z-notification-sse-restart,20261007T141934Z,notification-sse-restart,verification,passed,116260,116260,True,22b9dd77fe21827d6ebbb3968704c2b18b31fe6e,486f1a8026de01d265709b5727ec308a0791f816db5d2cf53c842779e1d77aa9
