count	total_seconds	average_ms	rows_examined	max_ms	query
155	114.477	738.56	82482	3730.11	SELECT id, owner_id, name, access_token, model, is_active, created_at, updated_at, IFNULL(total_distance, ?) AS total_distance, total_distance_updated_at FROM chairs LEFT JOIN (SEL
963	41.909	43.52	24697486	832.65	SELECT * FROM chair_locations WHERE chair_id = ? ORDER BY created_at DESC LIMIT ?;
1277	26.960	21.11	0	180.51	COMMIT;
306	6.270	20.49	249929	125.20	SELECT * FROM rides WHERE chair_id = ? ORDER BY updated_at DESC LIMIT ?;
189	4.057	21.46	154543	158.06	SELECT * FROM rides WHERE user_id = ? ORDER BY created_at DESC LIMIT ?;
158	3.905	24.72	83326	241.85	SELECT * FROM chairs WHERE access_token = ?;
109	3.849	35.31	0	261.87	# administrator command: Prepare;
75	2.399	31.98	75	154.77	SELECT status FROM ride_statuses WHERE ride_id = ? ORDER BY created_at DESC LIMIT ?;
34	1.853	54.49	63	265.16	SELECT * FROM ride_statuses WHERE ride_id = ? AND app_sent_at IS NULL ORDER BY created_at ASC LIMIT ?;
74	1.620	21.89	60555	131.70	SELECT * FROM rides WHERE chair_id = ? ORDER BY updated_at DESC;
35	1.207	34.50	131	147.00	SELECT * FROM ride_statuses WHERE ride_id = ? ORDER BY created_at;
53	1.189	22.43	30242	152.80	SELECT * FROM coupons WHERE used_by = ?;
30	0.972	32.41	124	142.56	SELECT * FROM ride_statuses WHERE ride_id = ? AND chair_sent_at IS NULL ORDER BY created_at ASC LIMIT ?;
11	0.742	67.45	0	259.51	START TRANSACTION;
33	0.722	21.87	26779	152.80	SELECT * FROM rides WHERE chair_id = ? ORDER BY created_at DESC;
8	0.623	77.86	8	374.83	SELECT * FROM chairs WHERE id = ?;
24	0.586	24.42	0	50.14	INSERT INTO chair_locations (id, chair_id, latitude, longitude) VALUES (?, ?, ?, ?);
16	0.497	31.08	5908	126.82	# administrator command: Close stmt;
18	0.453	25.19	18	63.48	SELECT * FROM chair_locations WHERE id = ?;
13	0.374	28.76	0	102.33	INSERT INTO payment_tokens (user_id, token) VALUES (?, ?);
10	0.350	35.05	10	108.19	SELECT * FROM users WHERE access_token = ?;
9	0.344	38.22	9	84.81	SELECT * FROM users WHERE id = ? FOR SHARE;
14	0.317	22.67	11608	94.88	SELECT rides.* FROM rides JOIN ride_statuses ON rides.id = ride_statuses.ride_id WHERE chair_id = ? AND status = ? AND updated_at BETWEEN ? AND ? + INTERVAL ? MICROSECOND;
14	0.298	21.31	14	63.93	UPDATE rides SET chair_id = ? WHERE id = ?;
8	0.192	24.04	0	39.77	INSERT INTO chair_locations (id, chair_id, latitude, longitude) VALUES (?, ?, ?, -?);
3	0.191	63.65	3	164.05	UPDATE ride_statuses SET chair_sent_at = CURRENT_TIMESTAMP(?) WHERE id = ?;
7	0.184	26.24	7	92.17	UPDATE ride_statuses SET app_sent_at = CURRENT_TIMESTAMP(?) WHERE id = ?;
3	0.141	47.14	1578	115.97	SELECT * FROM chairs;
1	0.127	126.92	0	126.92	INSERT INTO `chair_locations` VALUES (?,?,?,-?,?),(?,?,?,-?,?),(?,?,-?,-?,?),(?,?,?,-?,?),(?,?,?,-?,?),(?,?,-?,-?,?),(?,?,?,-?,?),(?,?,?,?,?),(?,?,-?,-?,?),(?,?,?,-?,?),(?,?,?,?,?)
2	0.122	60.99	0	109.81	INSERT INTO chairs (id, owner_id, name, model, is_active, access_token) VALUES (?, ?, ?, ?, ?, ?);
1	0.111	110.61	0	110.61	INSERT INTO `ride_statuses` VALUES (?,?,?,?,?,?),(?,?,?,?,?,?),(?,?,?,?,?,?),(?,?,?,?,?,?),(?,?,?,?,?,?),(?,?,?,?,?,?),(?,?,?,?,?,?),(?,?,?,?,?,?),(?,?,?,?,?,?),(?,?,?,?,?,?),(?,?,
6	0.096	16.02	1	30.46	SELECT COUNT(*) = ? FROM (SELECT COUNT(chair_sent_at) = ? AS completed FROM ride_statuses WHERE ride_id IN (SELECT id FROM rides WHERE chair_id = ?) GROUP BY ride_id) is_completed 
5	0.096	19.17	0	22.25	INSERT INTO chair_locations (id, chair_id, latitude, longitude) VALUES (?, ?, -?, ?);
5	0.078	15.51	0	18.50	INSERT INTO ride_statuses (id, ride_id, status) VALUES (?, ?, ?);
2	0.064	31.86	1594	34.85	SELECT * FROM rides WHERE user_id = ?;
3	0.056	18.64	3	27.16	UPDATE chairs SET is_active = ? WHERE id = ?;
2	0.051	25.63	1062	40.06	SELECT * FROM chairs INNER JOIN (SELECT id FROM chairs WHERE is_active = TRUE ORDER BY RAND() LIMIT ?) AS tmp ON chairs.id = tmp.id LIMIT ?;
1	0.050	50.34	0	50.34	INSERT INTO `chair_locations` VALUES (?,?,-?,?,?),(?,?,-?,-?,?),(?,?,?,?,?),(?,?,?,?,?),(?,?,?,-?,?),(?,?,?,-?,?),(?,?,-?,-?,?),(?,?,-?,?,?),(?,?,?,-?,?),(?,?,?,-?,?),(?,?,-?,-?,?)
3	0.049	16.21	2484	17.62	SELECT * FROM rides WHERE chair_id IS NULL ORDER BY created_at LIMIT ?;
1	0.039	39.01	0	39.01	ROLLBACK;
1	0.029	28.56	0	28.56	INSERT INTO `users` VALUES (?,?,?,?,?,?,?,?,?),(?,?,?,?,?,?,?,?,?),(?,?,?,?,?,?,?,?,?),(?,?,?,?,?,?,?,?,?),(?,?,?,?,?,?,?,?,?),(?,?,?,?,?,?,?,?,?),(?,?,?,?,?,?,?,?,?),(?,?,?,?,?,?,
1	0.027	26.76	1	26.76	UPDATE coupons SET used_by = ? WHERE user_id = ? AND code = ?;
1	0.016	16.11	0	16.11	CREATE TABLE users ( id VARCHAR(?) NOT NULL COMMENT ?, username VARCHAR(?) NOT NULL COMMENT ?, firstname VARCHAR(?) NOT NULL COMMENT ?, lastname VARCHAR(?) NOT NULL COMMENT ?, date
1	0.015	14.88	0	14.88	CREATE TABLE owners ( id VARCHAR(?) NOT NULL COMMENT ?, name VARCHAR(?) NOT NULL COMMENT ?, access_token VARCHAR(?) NOT NULL COMMENT ?, chair_register_token VARCHAR(?) NOT NULL COM
1	0.015	14.86	0	14.86	INSERT INTO chair_locations (id, chair_id, latitude, longitude) VALUES (?, ?, -?, -?);
1	0.014	14.39	1	14.39	SELECT * FROM owners WHERE chair_register_token = ?;
1	0.012	12.17	0	12.17	DROP TABLE IF EXISTS ride_statuses;
1	0.012	12.01	0	12.01	INSERT INTO `rides` VALUES (?,?,?,?,?,?,?,?,?,?),(?,?,?,-?,?,-?,?,?,?,?),(?,?,?,-?,-?,-?,-?,?,?,?),(?,?,?,?,-?,?,-?,?,?,?),(?,?,?,-?,-?,-?,-?,?,?,?),(?,?,?,?,?,-?,?,?,?,?),(?,?,?,?
1	0.012	11.92	0	11.92	CREATE TABLE chair_locations ( id VARCHAR(?) NOT NULL, chair_id VARCHAR(?) NOT NULL COMMENT ?, latitude INTEGER NOT NULL COMMENT ?, longitude INTEGER NOT NULL COMMENT ?, created_at
1	0.012	11.76	0	11.76	CREATE TABLE ride_statuses ( id VARCHAR(?) NOT NULL, ride_id VARCHAR(?) NOT NULL COMMENT ?, status ENUM (?, ?, ?, ?, ?, ?) NOT NULL COMMENT ?, created_at DATETIME(?) NOT NULL DEFAU
1	0.011	11.17	0	11.17	INSERT INTO `payment_tokens` VALUES (?,?,?),(?,?,?),(?,?,?),(?,?,?),(?,?,?),(?,?,?),(?,?,?),(?,?,?),(?,?,?),(?,?,?),(?,?,?),(?,?,?),(?,?,?),(?,?,?),(?,?,?),(?,?,?),(?,?,?),(?,?,?),
1	0.011	11.08	0	11.08	INSERT INTO rides (id, user_id, pickup_latitude, pickup_longitude, destination_latitude, destination_longitude) VALUES (?, ?, ?, ?, ?, ?);
1	0.011	10.93	0	10.93	CREATE TABLE coupons ( user_id VARCHAR(?) NOT NULL COMMENT ?, code VARCHAR(?) NOT NULL COMMENT ?, discount INTEGER NOT NULL COMMENT ?, created_at DATETIME(?) NOT NULL DEFAULT CURRE
1	0.011	10.92	0	10.92	TRUNCATE TABLE performance_schema.events_statements_summary_by_digest;
1	0.011	10.86	0	10.86	CREATE TABLE rides ( id VARCHAR(?) NOT NULL COMMENT ?, user_id VARCHAR(?) NOT NULL COMMENT ?, chair_id VARCHAR(?) NULL COMMENT ?, pickup_latitude INTEGER NOT NULL COMMENT ?, pickup
1	0.010	10.14	0	10.14	DROP TABLE IF EXISTS chair_locations;
