DIGEST_TEXT	COUNT_STAR	total_seconds	average_ms	SUM_ROWS_EXAMINED	SUM_ROWS_SENT	SUM_NO_INDEX_USED
COMMIT	59961	81.386	1.357	0	0	0
START TRANSACTION	67169	1.276	0.019	0	0	0
ROLLBACK	7209	0.347	0.048	0	0	0
INSERT INTO `chair_locations` VALUES (...) /* , ... */	2	0.292	145.807	0	0	0
SELECT * FROM `chairs` INNER JOIN ( SELECT `id` FROM `chairs` WHERE `is_active` = TRUE ORDER BY `RAND` ( ) LIMIT ? ) AS `tmp` ON `chairs` . `id` = `tmp` . `id` LIMIT ?	237	0.154	0.650	125886	237	237
INSERT INTO `ride_statuses` VALUES (...) /* , ... */	1	0.143	143.371	0	0	0
SELECT * FROM `chairs`	108	0.082	0.764	56793	56793	108
SELECT * FROM `rides` WHERE `chair_id` IS NULL ORDER BY `created_at` LIMIT ?	108	0.049	0.451	85979	94	108
INSERT INTO `users` VALUES (...) /* , ... */	1	0.038	38.181	0	0	0
CREATE TABLE `chairs` ( `id` VARCHARACTER (?) NOT NULL COMMENT ? , `owner_id` VARCHARACTER (?) NOT NULL COMMENT ? , NAME VARCHARACTER (?) NOT NULL COMMENT ? , `model` TEXT NOT NULL COMMENT ? , `is_active` TINYINT (?) NOT NULL COMMENT ? , `access_token` VARCHARACTER (?) NOT NULL COMMENT ? , `created_at` DATETIME (?) NOT NULL DEFAULT NOW (?) COMMENT ? , `updated_at` DATETIME (?) NOT NULL DEFAULT NOW (?) ON UPDATE NOW (?) COMMENT ? , PRIMARY KEY ( `id` ) ) COMMENT = ?	1	0.026	25.732	0	0	0
CREATE TABLE `owners` ( `id` VARCHARACTER (?) NOT NULL COMMENT ? , NAME VARCHARACTER (?) NOT NULL COMMENT ? , `access_token` VARCHARACTER (?) NOT NULL COMMENT ? , `chair_register_token` VARCHARACTER (?) NOT NULL COMMENT ? , `created_at` DATETIME (?) NOT NULL DEFAULT NOW (?) COMMENT ? , `updated_at` DATETIME (?) NOT NULL DEFAULT NOW (?) ON UPDATE NOW (?) COMMENT ? , PRIMARY KEY ( `id` ) , UNIQUE ( NAME ) , UNIQUE ( `access_token` ) , UNIQUE ( `chair_register_token` ) ) COMMENT = ?	1	0.024	23.921	0	0	0
CREATE TABLE `chair_locations` ( `id` VARCHARACTER (?) NOT NULL , `chair_id` VARCHARACTER (?) NOT NULL COMMENT ? , `latitude` INTEGER NOT NULL COMMENT ? , `longitude` INTEGER NOT NULL COMMENT ? , `created_at` DATETIME (?) NOT NULL DEFAULT NOW (?) COMMENT ? , PRIMARY KEY ( `id` ) ) COMMENT = ?	1	0.022	21.786	0	0	0
INSERT INTO `chairs` VALUES (...) /* , ... */	1	0.021	20.769	0	0	0
DROP TABLE IF EXISTS `chair_locations`	1	0.021	20.512	0	0	0
CREATE TABLE `users` ( `id` VARCHARACTER (?) NOT NULL COMMENT ? , `username` VARCHARACTER (?) NOT NULL COMMENT ? , `firstname` VARCHARACTER (?) NOT NULL COMMENT ? , `lastname` VARCHARACTER (?) NOT NULL COMMENT ? , `date_of_birth` VARCHARACTER (?) NOT NULL COMMENT ? , `access_token` VARCHARACTER (?) NOT NULL COMMENT ? , `invitation_code` VARCHARACTER (?) NOT NULL COMMENT ? , `created_at` DATETIME (?) NOT NULL DEFAULT NOW (?) COMMENT ? , `updated_at` DATETIME (?) NOT NULL DEFAULT NOW (?) ON UPDATE NOW (?) COMMENT ? , PRIMARY KEY ( `id` ) , UNIQUE ( `username` ) , UNIQUE ( `access_token` ) , UNIQUE ( `invitation_code` ) ) COMMENT = ?	1	0.020	19.880	0	0	0
INSERT INTO `payment_tokens` VALUES (...) /* , ... */	1	0.018	17.885	0	0	0
DROP TABLE IF EXISTS `ride_statuses`	1	0.017	16.697	0	0	0
INSERT INTO `rides` VALUES (...) /* , ... */	1	0.017	16.586	0	0	0
CREATE TABLE `payment_tokens` ( `user_id` VARCHARACTER (?) NOT NULL COMMENT ? , `token` VARCHARACTER (?) NOT NULL COMMENT ? , `created_at` DATETIME (?) NOT NULL DEFAULT NOW (?) COMMENT ? , PRIMARY KEY ( `user_id` ) ) COMMENT = ?	1	0.016	15.963	0	0	0
CREATE TABLE `rides` ( `id` VARCHARACTER (?) NOT NULL COMMENT ? , `user_id` VARCHARACTER (?) NOT NULL COMMENT ? , `chair_id` VARCHARACTER (?) NULL COMMENT ? , `pickup_latitude` INTEGER NOT NULL COMMENT ? , `pickup_longitude` INTEGER NOT NULL COMMENT ? , `destination_latitude` INTEGER NOT NULL COMMENT ? , `destination_longitude` INTEGER NOT NULL COMMENT ? , `evaluation` INTEGER NULL COMMENT ? , `created_at` DATETIME (?) NOT NULL DEFAULT NOW (?) COMMENT ? , `updated_at` DATETIME (?) NOT NULL DEFAULT NOW (?) ON UPDATE NOW (?) COMMENT ? , PRIMARY KEY ( `id` ) ) COMMENT = ?	1	0.015	15.306	0	0	0
CREATE TABLE `coupons` ( `user_id` VARCHARACTER (?) NOT NULL COMMENT ? , CODE VARCHARACTER (?) NOT NULL COMMENT ? , `discount` INTEGER NOT NULL COMMENT ? , `created_at` DATETIME (?) NOT NULL DEFAULT NOW (?) COMMENT ? , `used_by` VARCHARACTER (?) NULL COMMENT ? , PRIMARY KEY ( `user_id` , CODE ) ) COMMENT ?	1	0.015	14.597	0	0	0
CREATE TABLE `settings` ( NAME VARCHARACTER (?) NOT NULL COMMENT ? , VALUE TEXT NOT NULL COMMENT ? , PRIMARY KEY ( NAME ) ) COMMENT = ?	1	0.015	14.575	0	0	0
CREATE TABLE `ride_statuses` ( `id` VARCHARACTER (?) NOT NULL , `ride_id` VARCHARACTER (?) NOT NULL COMMENT ? , STATUS ENUM (...) NOT NULL COMMENT ? , `created_at` DATETIME (?) NOT NULL DEFAULT NOW (?) COMMENT ? , `app_sent_at` DATETIME (?) NULL COMMENT ? , `chair_sent_at` DATETIME (?) NULL COMMENT ? , PRIMARY KEY ( `id` ) , INDEX `idx_ride_statuses_ride_created` ( `ride_id` , `created_at` ) ) COMMENT = ?	1	0.014	14.438	0	0	0
CREATE TABLE `chair_models` ( NAME VARCHARACTER (?) NOT NULL COMMENT ? , `speed` INTEGER NOT NULL COMMENT ? , PRIMARY KEY ( NAME ) ) COMMENT = ?	1	0.013	13.489	0	0	0
INSERT INTO `coupons` VALUES (...) /* , ... */	1	0.012	11.703	0	0	0
